"","family","genusspecies","mean_mass"
"1","Bufonidae","Amietophrynus maculatus",18.5818181818182
"2","Bufonidae","Amietophrynus regularis",30.8571428571429
"3","Bufonidae","Amietophrynus togoensis",6.2
"4","Bufonidae","Bufo boreas",64.9
"5","Bufonidae","Bufo camerunensis",23.35
"6","Bufonidae","Bufo maculatus",12.355
"7","Bufonidae","Bufo microscaphus",22
"8","Bufonidae","Bufo regularis",36.4357142857143
"9","Bufonidae","Duttaphrynus melanostictus",46.5571428571429
"10","Bufonidae","Incilius alvarius",300
"11","Bufonidae","Ingerophrynus biporcatus",8.3
"12","Bufonidae","Ingerophrynus claviger",7.06190476190476
"13","Bufonidae","Ingerophrynus divergens",5.86428571428571
"14","Bufonidae","Leptophryne borbonica",2.93076923076923
"15","Bufonidae","Pelophryne signata",0.406521739130435
"16","Bufonidae","Phrynoidis aspera",33.6892857142857
